Ticker,Mean,Variance,Autocorrelation_1,Autocorrelation_5,Autocorrelation_10
A,-0.00063,0.00038,-0.06364,-0.00812,0.06184
AA,-0.00367,0.00072,-0.12330,-0.05315,0.05581
AAL,0.00575,0.00193,-0.09983,0.00324,0.12016
AAN,-0.00075,0.00041,0.00948,0.01052,-0.07240
AAP,0.00214,0.00025,0.01273,-0.01151,-0.19801
AAPL,0.00140,0.00040,0.03366,0.06960,-0.04140
ABBV,NaN,NaN,NaN,NaN,NaN
ABC,0.00134,0.00019,-0.07271,0.00795,0.12501
ABT,-0.00111,0.00010,0.01741,-0.17980,0.14398
ACC,0.00037,0.00039,-0.11733,-0.00946,0.09024
ACE,NaN,NaN,NaN,NaN,NaN
ACGL,0.00033,0.00011,-0.05679,-0.04268,0.09272
ACHC,0.00044,0.00148,-0.15358,-0.08578,0.12999
ACM,-0.00179,0.00038,0.05478,0.08679,-0.08484
ACN,-0.00058,0.00022,-0.09216,0.05972,-0.05107
ADBE,-0.00247,0.00037,0.06977,-0.02929,-0.00110
ADI,-0.00069,0.00042,-0.15467,0.00251,-0.03494
ADM,-0.00141,0.00023,-0.01106,-0.16988,0.04118
ADP,-0.00041,0.00013,-0.10262,-0.03839,0.05476
ADS,-0.00052,0.00059,0.14994,0.02716,-0.11466
ADSK,-0.00007,0.00057,0.01321,0.03699,0.00606
ADT,NaN,NaN,NaN,NaN,NaN
AEE,-0.00098,0.00015,0.10172,-0.08676,0.09167
AEP,-0.00038,0.00014,0.01795,-0.01199,-0.07205
AES,-0.00294,0.00069,-0.00358,0.06928,-0.09042
AET,-0.00174,0.00037,0.01547,0.01171,0.11551
AFG,0.00065,0.00023,-0.00947,-0.16285,0.05570
AFL,-0.00033,0.00067,-0.18202,-0.03474,-0.14353
AFSI,0.00033,0.00033,0.06931,-0.06133,0.07280
AGCO,-0.00142,0.00066,-0.00776,0.03891,0.02885
AGIO,NaN,NaN,NaN,NaN,NaN
AGN,0.00016,0.00018,-0.03081,0.03598,0.05679
AGNC,0.00064,0.00022,0.16293,-0.15688,0.02006
AGO,-0.00357,0.00140,-0.08035,-0.04035,-0.03161
AHL,-0.00015,0.00020,-0.00986,0.03007,-0.03161
AIG,0.00186,0.00173,-0.01274,-0.12652,-0.06109
AIV,0.00194,0.00074,-0.01406,-0.08355,-0.09277
AIZ,0.00133,0.00034,-0.13569,-0.12717,-0.05241
AJG,0.00100,0.00017,0.02773,-0.12056,-0.14683
AKAM,0.00396,0.00081,-0.11178,0.06695,-0.01066
AKRX,0.00538,0.00296,0.00476,0.01707,0.13932
AL,NaN,NaN,NaN,NaN,NaN
ALB,0.00057,0.00041,0.10329,-0.08626,0.15341
ALGN,-0.00173,0.00069,-0.03236,-0.19203,0.14524
ALK,0.00240,0.00096,-0.08011,0.02441,0.04012
ALKS,0.00227,0.00090,-0.08631,0.23426,0.02104
ALL,-0.00030,0.00030,-0.20970,-0.04772,-0.08253
ALLE,NaN,NaN,NaN,NaN,NaN
ALLY,NaN,NaN,NaN,NaN,NaN
ALNY,-0.00133,0.00036,-0.10656,-0.00645,0.00686
ALR,-0.00352,0.00056,0.20675,-0.10068,0.06406
ALSN,NaN,NaN,NaN,NaN,NaN
ALTR,NaN,NaN,NaN,NaN,NaN
ALXN,0.00037,0.00029,0.07694,-0.10796,0.02104
AMAT,-0.00110,0.00047,-0.08459,0.01049,-0.10467
AMCX,NaN,NaN,NaN,NaN,NaN
AME,0.00042,0.00018,0.12471,-0.07664,-0.05241
AMG,-0.00086,0.00058,-0.04103,-0.02812,-0.09896
AMGN,-0.00072,0.00024,-0.06220,-0.08552,0.02256
AMH,NaN,NaN,NaN,NaN,NaN
AMP,-0.00053,0.00054,-0.09511,-0.05877,-0.03838
AMT,0.00025,0.00026,-0.10274,-0.09532,-0.10034
AMTD,-0.00205,0.00038,-0.08418,0.01586,0.07314
AMZN,-0.00127,0.00049,-0.13994,0.08734,0.06246
AN,0.00032,0.00049,-0.00423,0.10930,-0.12236
ANAT,-0.00289,0.00045,-0.22422,-0.08279,0.06267
ANET,NaN,NaN,NaN,NaN,NaN
ANSS,-0.00074,0.00025,-0.10690,0.05895,-0.03049
ANTM,-0.00164,0.00031,0.11213,0.00133,0.03554
AON,-0.00012,0.00013,-0.12178,-0.11247,0.02259
AOS,0.00086,0.00036,-0.05001,0.04156,0.06099
APA,-0.00167,0.00040,-0.05504,0.03487,-0.10562
APAM,NaN,NaN,NaN,NaN,NaN
APC,-0.00375,0.00132,-0.02768,-0.02052,-0.01811
APD,-0.00175,0.00025,0.11588,0.09853,0.15214
APH,-0.00101,0.00040,-0.04779,-0.01383,-0.09100
APLE,NaN,NaN,NaN,NaN,NaN
AR,NaN,NaN,NaN,NaN,NaN
ARCP,NaN,NaN,NaN,NaN,NaN
ARE,0.00029,0.00045,-0.00269,-0.07472,0.05575
ARG,0.00267,0.00150,-0.08623,-0.20325,-0.03254
ARMK,NaN,NaN,NaN,NaN,NaN
ARRS,-0.00074,0.00038,-0.00201,-0.00990,-0.11782
ARW,-0.00214,0.00046,-0.09230,0.08987,0.05360
ASB,0.00062,0.00067,-0.10680,0.00430,-0.14920
ASH,0.00127,0.00086,0.02748,-0.06380,0.04856
ATHN,-0.00446,0.00118,0.00588,-0.14919,0.07184
ATI,0.00011,0.00109,-0.02838,-0.07240,-0.09260
ATML,NaN,NaN,NaN,NaN,NaN
ATO,-0.00049,0.00015,0.04568,-0.01986,0.09442
ATR,0.00047,0.00023,0.03510,-0.06478,0.02350
ATVI,-0.00033,0.00032,0.02089,-0.02999,-0.04977
AVB,0.00149,0.00050,-0.03713,-0.06633,-0.02026
AVGO,0.00124,0.00044,-0.02803,-0.01434,0.03580
AVP,-0.00112,0.00040,-0.01847,-0.01444,0.11502
AVT,-0.00161,0.00055,-0.05379,-0.06702,-0.05539
AVY,-0.00074,0.00052,-0.00676,-0.05920,0.05234
AWAY,NaN,NaN,NaN,NaN,NaN
AWH,-0.00007,0.00014,-0.06591,-0.22323,-0.05092
AWI,-0.00211,0.00094,-0.03668,-0.15523,-0.09137
AWK,-0.00075,0.00020,0.05805,-0.03558,-0.08647
AXP,0.00008,0.00053,-0.06599,-0.08242,-0.13656
AXS,0.00050,0.00017,0.01221,-0.05911,0.01017
AXTA,NaN,NaN,NaN,NaN,NaN
AYI,0.00015,0.00052,0.26551,0.00477,-0.18557
AZO,0.00175,0.00014,-0.14036,0.08725,-0.05731
BA,0.00115,0.00044,0.10048,-0.00614,-0.03997
BAC,-0.00062,0.00056,-0.12575,-0.11571,-0.00970
BAH,NaN,NaN,NaN,NaN,NaN
BAX,-0.00255,0.00031,0.17341,-0.06729,-0.03994
BBBY,-0.00028,0.00044,-0.07298,0.02737,-0.15760
BBT,0.00049,0.00043,-0.02983,-0.14074,-0.04599
BBY,-0.00107,0.00038,0.12360,-0.03295,0.05231
BC,0.00059,0.00215,-0.01245,0.07312,-0.17450
BCR,-0.00015,0.00013,-0.00296,-0.19432,0.22712
BDN,0.00008,0.00056,-0.04721,-0.03705,-0.08673
BDX,-0.00112,0.00010,-0.07728,-0.05515,0.11851
BEAV,0.00041,0.00080,0.07970,-0.06608,0.02680
BEN,-0.00161,0.00043,-0.17612,-0.05000,-0.08801
BF.A,NaN,NaN,NaN,NaN,NaN
BF.B,NaN,NaN,NaN,NaN,NaN
BG,-0.00182,0.00044,0.00072,-0.06241,0.10239
BHI,0.00055,0.00083,0.00563,-0.00154,-0.07188
BIIB,-0.00102,0.00019,-0.04492,0.01094,-0.00415
BIO,-0.00096,0.00030,0.06414,-0.07284,0.09942
BK,-0.00086,0.00032,-0.09652,0.07152,-0.08422
BKD,-0.00153,0.00069,-0.01227,-0.13021,0.15787
BKFS,NaN,NaN,NaN,NaN,NaN
BKU,NaN,NaN,NaN,NaN,NaN
BLK,-0.00398,0.00041,-0.03182,-0.04372,0.01842
BLL,0.00007,0.00016,-0.05783,-0.01635,-0.08686
BLUE,NaN,NaN,NaN,NaN,NaN
BMR,NaN,NaN,NaN,NaN,NaN
BMRN,-0.00003,0.00050,0.14608,-0.04503,0.03004
BMS,-0.00059,0.00023,-0.04095,-0.04271,-0.07027
BMY,0.00001,0.00018,0.03666,-0.08241,0.06388
BOH,0.00032,0.00028,0.09732,-0.08920,0.07151
BOKF,0.00011,0.00031,-0.08677,-0.06108,-0.10676
BPOP,0.00138,0.00168,-0.08828,0.04608,0.00508
BR,-0.00119,0.00020,-0.07691,-0.00722,-0.07808
BRCD,-0.00315,0.00090,-0.03499,0.00402,0.05963
BRCM,NaN,NaN,NaN,NaN,NaN
BRK.B,NaN,NaN,NaN,NaN,NaN
BRKR,0.00011,0.00071,0.03538,-0.06288,-0.03837
BRO,0.00064,0.00016,0.06898,-0.13947,0.04205
BRX,NaN,NaN,NaN,NaN,NaN
BSX,-0.00312,0.00056,-0.06452,0.03951,-0.02283
BWA,0.00133,0.00072,-0.00697,-0.09020,-0.11758
BWC,NaN,NaN,NaN,NaN,NaN
BXP,0.00081,0.00045,-0.11105,-0.11813,0.01781
C,0.00125,0.00079,0.03717,-0.06370,0.01848
CA,-0.00181,0.00026,-0.00744,-0.01498,-0.05967
CAB,-0.00018,0.00073,0.12342,-0.18555,-0.05210
CACC,0.00108,0.00062,0.11767,-0.04479,-0.13940
CAG,0.00025,0.00013,-0.03286,-0.02387,-0.03938
CAH,0.00047,0.00025,-0.09472,-0.04452,0.24383
CAM,NaN,NaN,NaN,NaN,NaN
CAR,-0.00161,0.00184,0.12014,-0.11239,0.05847
CAT,0.00058,0.00057,-0.02610,0.05796,0.08448
CB,0.00044,0.00016,-0.05433,-0.07118,0.21294
CBG,0.00031,0.00094,-0.01364,-0.12724,-0.01129
CBI,-0.00053,0.00099,0.06797,-0.06541,-0.14570
CBL,0.00250,0.00112,-0.02967,-0.12914,-0.03692
CBOE,-0.00532,0.00097,-0.33565,0.36387,1.00000
CBS,-0.00043,0.00069,-0.09001,-0.03925,-0.06570
CBSH,-0.00060,0.00020,-0.12659,-0.13692,-0.11786
CBT,-0.00092,0.00062,0.03737,-0.01203,-0.05629
CCE,0.00203,0.00112,-0.02060,-0.02756,-0.03644
CCI,-0.00042,0.00028,-0.10046,-0.02889,-0.05582
CCK,-0.00043,0.00025,-0.06336,0.03164,-0.01928
CCL,0.00012,0.00053,-0.07762,0.02033,-0.08316
CCO,-0.00137,0.00094,0.12372,-0.12094,-0.02502
CDK,NaN,NaN,NaN,NaN,NaN
CDNS,-0.00024,0.00042,0.04340,0.07322,0.16167
CDW,NaN,NaN,NaN,NaN,NaN
CE,-0.00215,0.00064,0.03891,-0.04890,-0.08259
CELG,-0.00078,0.00033,-0.01145,-0.12113,-0.00988
CERN,-0.00070,0.00032,-0.05770,-0.03282,-0.06892
CF,-0.00236,0.00069,-0.09969,-0.06434,0.12319
CFG,NaN,NaN,NaN,NaN,NaN
CFR,0.00035,0.00017,-0.04450,-0.15568,-0.11780
CFX,-0.00120,0.00056,0.02047,-0.10008,0.11429
CGNX,-0.00008,0.00042,0.08171,0.03385,-0.09413
CHD,0.00028,0.00015,-0.17863,0.10188,0.20638
CHH,-0.00025,0.00025,0.10096,0.08167,-0.05804
CHK,-0.00210,0.00054,0.09067,-0.04935,-0.01716
CHRW,-0.00033,0.00022,-0.02243,0.06840,-0.01562
CHTR,0.00020,0.00017,0.04493,0.08589,0.22525
CI,-0.00139,0.00039,-0.06573,-0.01401,0.05982
CIE,-0.00441,0.00148,-0.00055,-0.01446,0.04679
CIM,0.00034,0.00046,-0.03856,-0.15843,0.07762
CINF,0.00002,0.00018,-0.11393,-0.06317,0.01098
CIT,0.00151,0.00046,0.17596,-0.08387,0.14290
CL,-0.00026,0.00009,-0.14245,0.12982,0.05804
CLGX,-0.00018,0.00030,0.00071,-0.10490,-0.09359
CLH,0.00098,0.00047,0.04848,0.07329,0.04620
CLR,0.00001,0.00095,0.07307,-0.10319,-0.08459
CLX,0.00026,0.00006,0.00035,0.09921,-0.05193
CMA,0.00169,0.00048,-0.04867,-0.01415,-0.09099
CMCSA,0.00056,0.00032,-0.06486,-0.11452,0.08673
CMCSK,NaN,NaN,NaN,NaN,NaN
CME,-0.00137,0.00048,-0.14178,-0.12298,0.02178
CMG,0.00398,0.00060,-0.04010,0.03268,-0.11556
CMI,0.00307,0.00085,0.07102,-0.06259,-0.04251
CMP,0.00083,0.00039,-0.07830,-0.00927,-0.03327
CMS,-0.00035,0.00016,0.04886,0.04474,0.20428
CNA,0.00043,0.00037,-0.05981,-0.10976,0.08847
CNC,0.00006,0.00054,0.21916,0.11433,0.04144
CNK,-0.00047,0.00060,-0.11035,0.11499,-0.08972
CNP,-0.00052,0.00021,-0.02604,-0.17099,0.10042
CNX,-0.00297,0.00110,-0.10116,-0.10902,-0.08053
COF,0.00047,0.00067,-0.01947,-0.07617,-0.17506
COG,-0.00275,0.00076,0.01973,-0.01803,-0.00973
COH,0.00029,0.00042,0.08659,-0.05121,-0.00623
COL,-0.00032,0.00032,-0.02479,-0.01134,-0.02069
COMM,NaN,NaN,NaN,NaN,NaN
COO,0.00049,0.00028,-0.05264,-0.02045,-0.08842
COP,-0.00028,0.00030,0.09713,-0.10440,-0.03546
COST,-0.00053,0.00012,-0.04030,-0.16192,-0.06596
COTY,NaN,NaN,NaN,NaN,NaN
CPA,-0.00126,0.00044,0.04851,-0.12751,0.01552
CPB,0.00057,0.00009,-0.05873,-0.21757,0.15452
CPN,0.00092,0.00040,0.01317,0.04563,-0.04376
CPRT,-0.00018,0.00019,0.01940,-0.07634,0.08998
CPT,0.00031,0.00054,0.01449,-0.07744,0.02264
CR,-0.00011,0.00064,-0.00977,-0.07333,0.04302
CRC,NaN,NaN,NaN,NaN,NaN
CREE,0.00114,0.00126,-0.14157,-0.03203,-0.03095
CRI,0.00030,0.00039,0.05163,-0.00939,-0.04658
CRL,0.00032,0.00054,-0.01066,-0.00052,0.02360
CRM,0.00154,0.00063,-0.04911,0.05642,0.02356
CSAL,NaN,NaN,NaN,NaN,NaN
CSC,-0.00195,0.00021,-0.05083,-0.00555,-0.06231
CSCO,-0.00108,0.00026,-0.15180,0.11834,-0.06475
CSGP,-0.00060,0.00020,0.03539,-0.09395,-0.06426
CSL,0.00035,0.00029,0.03013,-0.00928,0.09350
CST,NaN,NaN,NaN,NaN,NaN
CSX,0.00035,0.00045,0.02410,-0.01652,-0.05776
CTAS,-0.00052,0.00020,-0.05568,0.09826,-0.05753
CTL,-0.00038,0.00013,0.01329,-0.05371,0.21430
CTRX,NaN,NaN,NaN,NaN,NaN
CTSH,0.00080,0.00044,-0.09677,-0.01900,-0.09633
CTXS,0.00015,0.00032,-0.04697,-0.08987,-0.02404
CVA,-0.00077,0.00046,-0.06649,-0.06744,-0.03423
CVC,0.00112,0.00043,0.02669,-0.13702,0.03015
CVI,0.00001,0.00065,0.05948,-0.07735,0.00905
CVS,-0.00080,0.00027,0.05855,-0.04058,0.01153
CVX,-0.00102,0.00021,0.01580,-0.06614,0.09958
CXO,0.00147,0.00084,0.06611,-0.12000,0.00195
CXP,NaN,NaN,NaN,NaN,NaN
CXW,-0.00205,0.00036,0.16764,0.17418,0.01484
CY,-0.00001,0.00073,-0.12866,0.08878,-0.07575
CYH,-0.00068,0.00069,0.08348,0.01668,0.13105
CYN,NaN,NaN,NaN,NaN,NaN
CYT,NaN,NaN,NaN,NaN,NaN
D,0.00026,0.00014,-0.01106,0.09618,0.02415
DAL,0.00084,0.00099,-0.15361,0.19906,0.02423
DATA,NaN,NaN,NaN,NaN,NaN
DCI,0.00001,0.00028,-0.02351,0.02551,0.06473
DD,0.00040,0.00032,-0.03744,-0.03642,-0.00940
DDD,0.00091,0.00136,0.01037,-0.04312,-0.06504
DDR,0.00102,0.00096,-0.09051,-0.08576,-0.02111
DDS,0.00203,0.00156,-0.12374,0.07631,-0.07192
DE,0.00021,0.00051,-0.09229,0.04505,-0.03325
DEI,0.00027,0.00051,0.00117,-0.13107,0.15714
DFS,-0.00009,0.00059,-0.16648,-0.00912,-0.03349
DG,0.00176,0.00033,-0.06905,0.03497,-0.01601
DGX,-0.00163,0.00013,-0.03456,-0.04410,0.12655
DHI,-0.00064,0.00066,0.09917,-0.03229,-0.13210
DHR,-0.00007,0.00024,0.05786,-0.02874,-0.07924
DIS,-0.00002,0.00026,0.04815,-0.05793,0.08486
DISCA,0.00144,0.00043,0.10279,-0.06389,-0.04700
DISCK,0.00149,0.00041,0.13635,-0.13778,-0.05011
DISH,-0.00086,0.00048,-0.03114,0.11423,0.06942
DKS,0.00021,0.00048,0.00652,0.03157,-0.21926
DLB,0.00215,0.00040,-0.07866,-0.09950,-0.15189
DLPH,NaN,NaN,NaN,NaN,NaN
DLR,0.00146,0.00034,-0.05089,0.00461,-0.01398
DLTR,0.00238,0.00031,-0.03760,-0.04133,-0.01079
DNB,-0.00163,0.00013,0.19611,-0.00992,0.04186
DNKN,NaN,NaN,NaN,NaN,NaN
DNOW,NaN,NaN,NaN,NaN,NaN
DNR,-0.00026,0.00070,0.02394,0.03155,-0.11190
DO,-0.00311,0.00055,0.00797,0.07597,-0.03408
DOV,0.00011,0.00044,0.12490,-0.07060,0.03109
DOW,-0.00140,0.00069,-0.06850,-0.06009,0.01963
DOX,-0.00055,0.00018,-0.07890,-0.11055,-0.05205
DPS,0.00230,0.00036,-0.08147,0.04544,0.19484
DPZ,0.00257,0.00086,-0.00477,0.08702,0.04415
DRC,NaN,NaN,NaN,NaN,NaN
DRE,-0.00002,0.00063,-0.03160,-0.10445,-0.07024
DRI,0.00116,0.00028,0.04888,-0.00917,0.06683
DRQ,-0.00169,0.00099,-0.05419,-0.01150,-0.01618
DST,-0.00156,0.00031,0.02065,-0.09588,-0.11748
DSW,-0.00087,0.00111,-0.09286,-0.12808,0.13733
DTE,0.00054,0.00015,0.03346,-0.02166,-0.04557
DTV,NaN,NaN,NaN,NaN,NaN
DUK,-0.00021,0.00010,-0.10880,0.01612,0.06464
DVA,0.00033,0.00019,-0.08268,-0.07399,0.07953
DVN,-0.00163,0.00042,-0.05608,0.00744,-0.25094
DXCM,0.00271,0.00095,0.09410,-0.09469,0.15588
EA,-0.00167,0.00046,-0.14182,-0.14388,0.01461
EAT,0.00018,0.00058,-0.03032,0.01630,-0.05958
EBAY,-0.00138,0.00041,-0.15853,0.06638,-0.04401
ECL,0.00012,0.00018,-0.07799,0.08166,0.05397
ED,-0.00018,0.00010,-0.05151,0.03661,0.02447
EFX,-0.00075,0.00022,0.05980,0.02223,0.07371
EGN,-0.00052,0.00027,0.10872,-0.06755,0.03519
EIX,-0.00061,0.00017,0.02736,-0.02329,0.06903
EL,0.00147,0.00039,-0.04370,-0.00420,-0.05024
ELS,0.00001,0.00038,-0.00341,-0.08256,0.13521
EMC,0.00027,0.00029,-0.04804,-0.00414,-0.02788
EMN,-0.00090,0.00041,-0.08723,-0.12547,-0.02289
EMR,0.00037,0.00038,-0.03951,0.05145,-0.00447
ENDP,0.00051,0.00025,-0.04805,0.09457,0.08789
ENH,0.00020,0.00022,-0.00770,0.09234,0.01790
ENR,NaN,NaN,NaN,NaN,NaN
EOG,0.00025,0.00066,-0.11806,-0.10859,-0.00166
EPE,NaN,NaN,NaN,NaN,NaN
EQC,0.00045,0.00069,-0.14563,-0.18293,0.03283
EQIX,-0.00237,0.00045,-0.01831,0.01541,0.12850
EQR,0.00218,0.00054,-0.09657,-0.08744,-0.07038
EQT,-0.00159,0.00045,0.05705,-0.13408,0.00956
ERIE,0.00122,0.00015,-0.10934,-0.14812,0.07564
ES,0.00016,0.00015,0.01343,-0.03223,0.09506
ESRT,NaN,NaN,NaN,NaN,NaN
ESRX,0.00045,0.00034,-0.08539,0.01663,0.10196
ESS,0.00165,0.00040,-0.01771,-0.07335,-0.01487
ESV,-0.00004,0.00060,0.06982,-0.05125,-0.14965
ETFC,-0.00321,0.00085,-0.09558,0.11312,0.01351
ETN,0.00036,0.00042,-0.01090,0.03723,-0.04380
ETR,-0.00090,0.00018,0.08940,-0.14995,0.00232
EV,-0.00064,0.00039,-0.00138,0.01521,-0.02201
EVHC,NaN,NaN,NaN,NaN,NaN
EW,0.00206,0.00025,-0.12474,-0.11021,0.20512
EWBC,0.00023,0.00089,-0.06917,-0.03030,-0.04538
EXC,-0.00174,0.00016,-0.01426,-0.03625,-0.02786
EXP,0.00022,0.00050,0.03289,-0.07582,0.06012
EXPD,0.00008,0.00034,0.05115,0.06962,-0.05555
EXPE,-0.00219,0.00048,-0.21923,0.18317,0.16453
EXR,0.00161,0.00051,-0.01222,-0.08664,-0.09311
F,0.00061,0.00077,0.03067,0.00203,-0.09855
FANG,NaN,NaN,NaN,NaN,NaN
FAST,0.00165,0.00041,0.00769,0.06059,-0.08227
FB,NaN,NaN,NaN,NaN,NaN
FBHS,NaN,NaN,NaN,NaN,NaN
FCE.A,NaN,NaN,NaN,NaN,NaN
FCX,-0.00244,0.00087,-0.12629,-0.08710,-0.11130
FDO,NaN,NaN,NaN,NaN,NaN
FDS,0.00018,0.00023,0.05677,0.00613,0.00895
FDX,-0.00097,0.00039,-0.04715,0.06383,0.00206
FE,-0.00204,0.00018,0.13100,-0.06105,0.07859
FEYE,NaN,NaN,NaN,NaN,NaN
FFIV,0.00237,0.00064,-0.09642,-0.00814,-0.16688
FHN,-0.00135,0.00047,-0.02490,-0.09757,0.00827
FI,NaN,NaN,NaN,NaN,NaN
FII,-0.00181,0.00025,-0.11449,-0.03345,0.03647
FIS,0.00105,0.00030,0.01720,0.01197,-0.00764
FISV,-0.00051,0.00020,-0.13880,0.06280,-0.11511
FITB,0.00192,0.00085,-0.10937,-0.07850,-0.13413
FL,0.00162,0.00059,0.06985,0.03826,-0.13405
FLIR,-0.00075,0.00029,-0.05074,0.04784,0.00863
FLO,0.00022,0.00012,0.11766,-0.00447,-0.03522
FLR,-0.00044,0.00059,0.04889,-0.08862,-0.06466
FLS,-0.00057,0.00059,0.09172,-0.03882,-0.00829
FLT,NaN,NaN,NaN,NaN,NaN
FMC,0.00023,0.00026,-0.12878,-0.04134,-0.10574
FNF,-0.00016,0.00025,-0.09448,-0.04495,0.11459
FNFG,NaN,NaN,NaN,NaN,NaN
FOSL,0.00084,0.00073,0.24474,-0.02237,-0.07746
FOX,-0.00117,0.00046,-0.03853,-0.02113,-0.04832
FOXA,-0.00094,0.00058,-0.04079,-0.02918,-0.03633
FRC,NaN,NaN,NaN,NaN,NaN
FRT,0.00072,0.00033,-0.01841,-0.13585,0.03245
FSL,NaN,NaN,NaN,NaN,NaN
FSLR,-0.00057,0.00119,-0.03002,-0.12213,0.03016
FTI,-0.00032,0.00102,-0.13206,-0.06834,-0.05586
FTNT,-0.00056,0.00052,0.12145,0.08646,-0.09673
FTR,0.00034,0.00022,-0.08401,-0.01398,0.03625
G,0.00052,0.00036,0.02292,0.03198,-0.07320
GAS,NaN,NaN,NaN,NaN,NaN
GCI,NaN,NaN,NaN,NaN,NaN
GD,-0.00108,0.00027,0.04164,0.00696,0.02581
GDDY,NaN,NaN,NaN,NaN,NaN
GE,-0.00044,0.00037,0.02277,0.02032,0.12418
GGG,-0.00021,0.00044,0.13991,-0.06205,-0.05996
GGP,0.00162,0.00144,0.23184,0.03480,-0.02983
GHC,-0.00033,0.00030,0.01190,0.14174,-0.03159
GILD,-0.00173,0.00037,-0.06521,-0.08944,-0.03065
GIS,0.00016,0.00010,0.05501,-0.00927,0.05917
GLNG,-0.00147,0.00052,0.03341,-0.06834,-0.06774
GLPI,NaN,NaN,NaN,NaN,NaN
GLW,-0.00127,0.00045,0.02950,-0.00573,-0.02593
GM,NaN,NaN,NaN,NaN,NaN
GMCR,NaN,NaN,NaN,NaN,NaN
GME,-0.00113,0.00067,0.02278,0.06049,0.07290
GMT,NaN,NaN,NaN,NaN,NaN
GNC,NaN,NaN,NaN,NaN,NaN
GNTX,0.00015,0.00045,0.04687,-0.16992,-0.05621
GNW,0.00104,0.00105,-0.06700,-0.08278,0.00330
GOOG,-0.00271,0.00029,-0.05109,0.02602,0.03782
GOOGL,-0.00271,0.00029,-0.05109,0.02602,0.03782
GPC,0.00065,0.00027,-0.03393,-0.06461,0.08238
GPK,-0.00082,0.00084,-0.07977,-0.00063,-0.01664
GPN,-0.00287,0.00032,-0.09447,0.01914,-0.09888
GPOR,0.00063,0.00134,0.20217,-0.11768,-0.15621
GPRO,NaN,NaN,NaN,NaN,NaN
GPS,-0.00003,0.00039,-0.11357,0.20183,-0.11491
GRA,-0.00162,0.00080,0.06225,0.01274,0.04082
GRMN,0.00000,0.00058,-0.00996,-0.04168,0.00410
GRPN,NaN,NaN,NaN,NaN,NaN
GS,-0.00193,0.00053,-0.21026,-0.06953,0.22327
GT,-0.00263,0.00085,0.07570,-0.05920,-0.00111
GWR,0.00133,0.00058,0.02158,-0.01099,-0.04651
GWW,0.00033,0.00026,-0.03047,-0.06079,-0.16035
GXP,-0.00080,0.00016,0.05812,-0.05478,0.14087
H,0.00154,0.00041,0.07182,-0.01976,-0.02322
HAIN,0.00139,0.00050,-0.01513,-0.00096,0.01696
HAL,-0.00127,0.00096,-0.02001,-0.04810,-0.05503
HAR,-0.00072,0.00134,0.05863,-0.00529,-0.10505
HAS,0.00213,0.00040,-0.03244,0.09916,0.06418
HBAN,0.00370,0.00108,0.03435,-0.09727,-0.09106
HBI,0.00016,0.00038,0.07275,-0.02012,-0.11482
HCA,NaN,NaN,NaN,NaN,NaN
HCBK,NaN,NaN,NaN,NaN,NaN
HCC,NaN,NaN,NaN,NaN,NaN
HCN,-0.00000,0.00026,-0.04921,-0.15447,0.03698
HCP,0.00102,0.00046,-0.05606,-0.18657,0.10393
HD,0.00001,0.00023,0.15912,0.15920,0.09056
HDS,NaN,NaN,NaN,NaN,NaN
HE,0.00090,0.00024,-0.01167,0.01508,-0.08102
HES,-0.00164,0.00044,-0.06648,-0.08569,0.00604
HFC,-0.00001,0.00082,0.07917,-0.13012,-0.00864
HHC,NaN,NaN,NaN,NaN,NaN
HIG,-0.00030,0.00076,-0.03269,-0.10176,-0.04119
HII,NaN,NaN,NaN,NaN,NaN
HLF,0.00122,0.00045,0.04196,-0.23120,0.15090
HLT,NaN,NaN,NaN,NaN,NaN
HME,NaN,NaN,NaN,NaN,NaN
HNT,NaN,NaN,NaN,NaN,NaN
HOG,-0.00066,0.00077,-0.01864,0.03637,-0.05342
HOLX,-0.00044,0.00049,-0.11916,0.06948,0.10411
HON,-0.00010,0.00030,0.03793,0.03901,0.08604
HOT,0.00138,0.00074,0.01227,0.04384,-0.13603
HP,-0.00074,0.00076,0.05048,0.03554,-0.06816
HPQ,-0.00148,0.00023,-0.08819,0.20608,0.02801
HPT,-0.00066,0.00053,0.06401,-0.12699,0.01159
HRB,-0.00267,0.00043,-0.09177,-0.04881,-0.05454
HRC,0.00176,0.00029,0.06957,0.03013,0.03838
HRL,0.00070,0.00010,-0.05212,-0.11475,0.11549
HRS,-0.00099,0.00050,-0.13891,0.05834,-0.12290
HSIC,0.00025,0.00016,-0.10375,0.00466,-0.02487
HSP,NaN,NaN,NaN,NaN,NaN
HST,0.00146,0.00083,-0.08284,-0.09511,-0.06277
HSY,0.00244,0.00021,-0.10811,0.06485,0.01780
HTA,NaN,NaN,NaN,NaN,NaN
HTZ,NaN,NaN,NaN,NaN,NaN
HUB.B,NaN,NaN,NaN,NaN,NaN
HUM,-0.00001,0.00037,-0.06350,-0.10538,0.03559
HUN,-0.00191,0.00092,-0.09278,-0.07083,-0.02973
HXL,0.00142,0.00071,0.09165,0.01217,-0.03525
IACI,NaN,NaN,NaN,NaN,NaN
IBKR,-0.00049,0.00022,-0.10988,0.03836,-0.05877
IBM,-0.00047,0.00015,-0.09762,-0.08030,0.07799
ICE,0.00024,0.00051,-0.21863,-0.06647,0.02625
ICPT,NaN,NaN,NaN,NaN,NaN
IDXX,0.00115,0.00043,0.04560,0.00874,-0.10429
IEX,-0.00070,0.00034,0.07629,-0.02611,0.06081
IFF,0.00026,0.00024,-0.04342,-0.02978,0.04105
IGT,-0.00135,0.00057,-0.10117,-0.01709,-0.05315
IHS,NaN,NaN,NaN,NaN,NaN
ILMN,0.00302,0.00063,0.10768,-0.12427,0.03622
IM,-0.00096,0.00028,-0.12563,0.01539,-0.07728
IMS,NaN,NaN,NaN,NaN,NaN
INCY,0.00143,0.00118,0.06105,-0.06067,0.02491
INFA,NaN,NaN,NaN,NaN,NaN
INGR,0.00033,0.00054,0.08097,-0.19834,0.22500
INOV,NaN,NaN,NaN,NaN,NaN
INT,-0.00060,0.00063,-0.04155,0.01335,-0.01031
INTC,-0.00037,0.00033,-0.10762,-0.04711,-0.08317
INTU,0.00107,0.00029,-0.08791,0.00968,-0.08323
IP,-0.00089,0.00087,-0.02675,0.02735,-0.00257
IPG,-0.00018,0.00084,0.05813,-0.00874,0.02229
IPGP,-0.00085,0.00074,0.01737,-0.08364,0.03851
IR,-0.00032,0.00048,0.01976,0.03830,0.06098
IRM,-0.00000,0.00038,0.08570,0.07615,-0.01417
ISIS,NaN,NaN,NaN,NaN,NaN
ISRG,0.00034,0.00051,-0.03074,-0.07707,0.05081
IT,0.00202,0.00038,0.10996,-0.09104,-0.10712
ITC,0.00026,0.00019,0.14370,-0.14023,0.13852
ITT,-0.00063,0.00025,0.00635,0.00998,-0.07275
ITW,-0.00098,0.00033,0.02954,-0.05911,0.06430
IVZ,-0.00209,0.00081,-0.08831,-0.10380,0.04001
JAH,NaN,NaN,NaN,NaN,NaN
JAZZ,0.00094,0.00185,-0.00628,-0.11518,0.01435
JBHT,0.00022,0.00034,-0.05241,0.01367,0.06623
JBL,-0.00183,0.00097,-0.09456,0.02322,0.02866
JBLU,0.00027,0.00078,0.02515,0.07896,-0.13474
JCI,-0.00015,0.00022,0.13621,0.05506,-0.05704
JCP,-0.00149,0.00060,-0.06634,0.06294,-0.05805
JDSU,NaN,NaN,NaN,NaN,NaN
JEC,-0.00027,0.00059,-0.02116,-0.01577,-0.10501
JKHY,0.00007,0.00020,0.03573,-0.10345,0.04878
JLL,0.00078,0.00063,-0.06449,-0.08567,0.03262
JNJ,-0.00056,0.00007,-0.08891,-0.04505,0.29721
JNPR,-0.00113,0.00044,-0.20580,-0.00695,-0.07327
JOY,-0.00038,0.00102,0.02311,-0.04904,0.01153
JPM,-0.00115,0.00042,-0.18981,-0.11169,0.01296
JUNO,NaN,NaN,NaN,NaN,NaN
JW.A,NaN,NaN,NaN,NaN,NaN
JWN,-0.00082,0.00055,-0.01774,0.08718,-0.13194
K,-0.00014,0.00013,-0.05680,-0.05458,0.07352
KAR,-0.00090,0.00043,-0.19941,-0.03013,-0.02604
KATE,-0.00191,0.00166,0.06182,0.03909,0.04419
KBR,0.00051,0.00064,0.04280,-0.00417,-0.00504
KEX,0.00076,0.00037,-0.00111,-0.04477,0.00593
KEY,0.00216,0.00080,0.00406,-0.13510,-0.11202
KEYS,NaN,NaN,NaN,NaN,NaN
KIM,0.00027,0.00059,-0.07292,-0.05504,-0.09607
KING,NaN,NaN,NaN,NaN,NaN
KLAC,-0.00211,0.00057,-0.03797,0.07680,-0.20408
KMB,-0.00026,0.00007,0.03973,0.00465,0.03776
KMI,NaN,NaN,NaN,NaN,NaN
KMT,-0.00023,0.00066,0.08016,-0.03621,0.01524
KMX,-0.00109,0.00060,0.02300,-0.02035,-0.09125
KO,-0.00086,0.00013,-0.08506,-0.06464,0.14723
KORS,NaN,NaN,NaN,NaN,NaN
KOS,NaN,NaN,NaN,NaN,NaN
KR,-0.00002,0.00020,-0.02127,0.00731,-0.00771
KRC,0.00012,0.00049,0.05675,-0.08506,0.07358
KRFT,NaN,NaN,NaN,NaN,NaN
KSS,-0.00069,0.00029,-0.00210,0.17010,-0.13563
KSU,0.00087,0.00060,-0.00207,-0.17901,0.11115
L,-0.00065,0.00025,-0.08887,-0.14699,0.10697
LAMR,-0.00178,0.00074,0.14991,-0.04127,0.06162
LAZ,-0.00303,0.00054,-0.15294,-0.11166,-0.09716
LB,0.00198,0.00051,0.05242,0.07472,0.00974
LBRDA,NaN,NaN,NaN,NaN,NaN
LBRDK,NaN,NaN,NaN,NaN,NaN
LC,NaN,NaN,NaN,NaN,NaN
LDOS,-0.00110,0.00013,0.04798,-0.06559,-0.08530
LEA,-0.00039,0.00033,0.08080,-0.03018,0.07445
LEAF,NaN,NaN,NaN,NaN,NaN
LECO,-0.00026,0.00043,0.15483,-0.10993,0.08395
LEG,0.00004,0.00040,0.09493,0.06373,0.02573
LEN,0.00123,0.00113,0.07289,-0.03038,-0.09754
LEN.B,NaN,NaN,NaN,NaN,NaN
LGF,0.00167,0.00045,-0.20088,0.02365,-0.02938
LH,-0.00003,0.00013,0.04787,-0.13061,0.03835
LII,0.00059,0.00040,0.02691,-0.05765,0.10468
LKQ,-0.00008,0.00025,0.03413,0.08604,-0.04685
LLL,-0.00164,0.00018,0.07130,0.07324,-0.03178
LLTC,-0.00054,0.00035,-0.12235,0.01917,-0.06853
LLY,-0.00035,0.00012,-0.00245,0.10421,0.04576
LM,-0.00023,0.00086,0.14091,-0.11933,-0.10078
LMCA,NaN,NaN,NaN,NaN,NaN
LMCK,NaN,NaN,NaN,NaN,NaN
LMT,-0.00004,0.00017,-0.07424,0.01539,0.04928
LNC,-0.00032,0.00078,0.01831,0.00315,0.08076
LNG,0.00216,0.00294,0.21991,0.10662,-0.13874
LNKD,NaN,NaN,NaN,NaN,NaN
LNT,0.00056,0.00020,0.14405,-0.14274,-0.00351
LOW,-0.00082,0.00028,0.06386,0.00426,-0.08750
LPI,NaN,NaN,NaN,NaN,NaN
LPLA,NaN,NaN,NaN,NaN,NaN
LPNT,-0.00042,0.00038,0.07886,-0.02138,-0.00893
LPT,-0.00024,0.00039,-0.00943,-0.10276,-0.01986
LRCX,-0.00006,0.00066,-0.06358,0.00460,-0.16547
LSTR,0.00024,0.00028,-0.05843,0.09136,0.02179
LUK,-0.00171,0.00049,-0.14990,-0.01749,-0.10269
LULU,0.00215,0.00107,0.02025,0.00125,-0.09590
LUV,0.00005,0.00036,-0.22796,-0.08064,0.00165
LVLT,-0.00342,0.00116,0.00927,-0.03160,0.11586
LVNTA,NaN,NaN,NaN,NaN,NaN
LVS,0.00298,0.00155,-0.05158,-0.08988,0.07186
LXK,0.00204,0.00068,0.13861,0.15498,0.06589
LYB,-0.00732,0.00073,0.16561,-0.31409,0.41720
LYV,0.00167,0.00113,0.08925,-0.01381,-0.07224
M,0.00094,0.00065,-0.07179,0.01146,-0.01356
MA,-0.00166,0.00046,0.03798,-0.07114,0.08249
MAA,0.00080,0.00027,-0.02555,-0.07877,0.01916
MAC,0.00103,0.00080,0.04237,0.00590,-0.05799
MAN,-0.00183,0.00055,0.04051,-0.05898,0.02998
MAR,0.00095,0.00046,0.05763,0.05881,-0.13261
MAS,-0.00170,0.00091,-0.00018,0.08374,-0.10189
MAT,0.00064,0.00030,-0.10720,0.16925,-0.02256
MCD,0.00068,0.00011,-0.18837,0.02103,-0.07386
MCHP,-0.00001,0.00029,-0.17915,-0.03021,-0.11303
MCK,0.00061,0.00025,-0.12766,-0.08495,0.16442
MCO,-0.00220,0.00061,-0.17152,-0.02101,-0.07632
MCY,0.00056,0.00014,-0.03536,-0.13272,0.10391
MD,-0.00073,0.00030,-0.04613,-0.18729,0.20490
MDLZ,0.00040,0.00015,-0.06414,-0.08968,0.04100
MDRX,-0.00171,0.00053,0.10161,-0.12718,0.11655
MDT,-0.00143,0.00018,0.04622,-0.00776,0.17643
MDU,-0.00209,0.00032,0.07479,-0.08241,0.00716
MDVN,-0.00738,0.00438,-0.07331,-0.08278,-0.02445
MET,0.00051,0.00056,-0.09959,-0.07867,-0.01824
MFA,0.00010,0.00019,-0.09794,-0.11957,0.06030
MGM,0.00082,0.00172,-0.08501,-0.07320,-0.04457
MHFI,NaN,NaN,NaN,NaN,NaN
MHK,-0.00030,0.00071,0.15446,-0.03548,-0.02909
MIC,0.00057,0.00079,0.04167,-0.01257,0.03516
MIDD,0.00096,0.00052,0.09347,-0.13182,0.05676
MIK,NaN,NaN,NaN,NaN,NaN
MJN,0.00117,0.00033,-0.04671,-0.09745,-0.03601
MKC,0.00048,0.00011,0.05216,0.03016,-0.01361
MKL,0.00013,0.00017,-0.16926,-0.11214,0.01309
MLM,-0.00029,0.00045,-0.02420,0.10757,0.03831
MMC,0.00044,0.00019,0.04411,-0.08296,0.13116
MMM,-0.00026,0.00017,-0.08559,-0.04322,0.03951
MNK,NaN,NaN,NaN,NaN,NaN
MNST,0.00015,0.00030,-0.01941,0.05206,-0.18396
MO,0.00052,0.00012,-0.13710,-0.04901,-0.03471
MON,-0.00458,0.00028,-0.20646,0.03233,-0.08080
MORN,-0.00097,0.00014,0.15742,-0.01190,-0.04750
MOS,-0.00340,0.00060,-0.13086,-0.06743,0.05611
MPC,NaN,NaN,NaN,NaN,NaN
MRD,NaN,NaN,NaN,NaN,NaN
MRK,-0.00029,0.00024,0.04195,-0.17396,0.11353
MRO,-0.00005,0.00028,-0.01971,-0.23457,0.10959
MRVL,-0.00167,0.00078,-0.13853,-0.07865,-0.07725
MS,-0.00206,0.00053,-0.15470,-0.08562,0.01039
MSCI,-0.00099,0.00056,-0.13057,-0.13996,0.08515
MSFT,-0.00215,0.00022,0.02824,-0.10661,0.05324
MSG,NaN,NaN,NaN,NaN,NaN
MSI,-0.00133,0.00058,-0.00849,0.14944,-0.19925
MSM,0.00059,0.00035,-0.03558,0.01693,0.02267
MTB,0.00255,0.00056,0.00155,-0.16947,-0.12587
MTD,0.00042,0.00028,0.03879,-0.14673,0.04185
MTW,-0.00068,0.00139,0.11862,0.01697,-0.04936
MU,-0.00147,0.00123,-0.20102,0.10430,-0.13835
MUR,-0.00080,0.00040,0.08278,-0.10904,-0.06546
MUSA,NaN,NaN,NaN,NaN,NaN
MWV,NaN,NaN,NaN,NaN,NaN
MXIM,-0.00114,0.00039,-0.09935,-0.16124,0.09918
MYL,-0.00069,0.00030,-0.02832,0.13078,0.03391
N,-0.00138,0.00104,0.02226,-0.08969,0.13594
NATI,0.00048,0.00024,0.07098,0.05075,-0.13141
NAVI,NaN,NaN,NaN,NaN,NaN
NBL,-0.00117,0.00047,-0.02463,0.01899,0.07029
NBR,-0.00179,0.00086,0.07065,-0.07934,-0.17923
NCLH,NaN,NaN,NaN,NaN,NaN
NCR,0.00092,0.00062,-0.09756,0.07909,0.01851
NDAQ,-0.00091,0.00035,-0.12729,-0.04449,0.00884
NDSN,-0.00080,0.00059,-0.05462,0.02182,-0.11690
NE,-0.00181,0.00052,0.07231,-0.03508,-0.02714
NEE,NaN,NaN,NaN,NaN,NaN
NEM,0.00186,0.00049,-0.12447,-0.20724,-0.00346
NEU,-0.00184,0.00085,0.10023,-0.05089,0.05651
NFG,-0.00068,0.00039,0.04703,-0.02505,-0.01312
NFLX,0.00649,0.00146,-0.11639,0.00919,0.11533
NFX,0.00000,0.00071,0.08600,-0.19213,-0.09599
NI,-0.00027,0.00021,0.08772,-0.06930,0.15105
NKE,0.00052,0.00027,-0.02841,0.11367,-0.03067
NLSN,NaN,NaN,NaN,NaN,NaN
NLY,0.00063,0.00018,-0.16652,0.04953,-0.01941
NNN,0.00053,0.00029,-0.06666,-0.10283,-0.00480
NOC,-0.00016,0.00022,0.00187,0.03917,0.01234
NOV,-0.00227,0.00064,-0.03865,-0.08437,-0.06181
NOW,NaN,NaN,NaN,NaN,NaN
NRF,-0.00117,0.00157,-0.10252,-0.00475,-0.00555
NRG,-0.00075,0.00043,0.02369,-0.11930,-0.07455
NSAM,NaN,NaN,NaN,NaN,NaN
NSC,0.00031,0.00038,-0.01432,0.02704,-0.07592
NTAP,0.00119,0.00066,-0.12619,-0.07918,-0.00988
NTRS,-0.00071,0.00035,-0.11506,-0.02296,0.01189
NUAN,-0.00031,0.00050,0.03486,-0.07536,-0.00387
NUE,-0.00158,0.00037,-0.04968,-0.03351,-0.01848
NUS,-0.00042,0.00073,-0.05260,0.00412,-0.01267
NVDA,-0.00424,0.00080,-0.10865,-0.02580,0.06817
NVR,-0.00058,0.00026,-0.02221,0.05625,-0.03941
NWL,-0.00013,0.00035,0.14857,0.13525,-0.01300
NWS,NaN,NaN,NaN,NaN,NaN
NWSA,NaN,NaN,NaN,NaN,NaN
NYCB,0.00100,0.00029,-0.12028,-0.04967,0.02099
O,0.00159,0.00035,0.04527,-0.25509,0.02653
OA,-0.00288,0.00019,-0.00892,0.07965,0.05210
OC,0.00109,0.00085,0.13115,-0.12540,0.14330
OCR,NaN,NaN,NaN,NaN,NaN
ODFL,0.00164,0.00048,0.02288,0.00001,0.03374
ODP,-0.00276,0.00152,0.03501,0.08900,-0.00000
OFC,0.00062,0.00034,0.00931,-0.14262,-0.02828
OGE,0.00010,0.00025,0.06133,-0.10050,0.11001
OHI,0.00062,0.00041,0.01843,-0.15199,0.05225
OI,-0.00175,0.00064,-0.06676,0.00145,-0.04590
OII,-0.00210,0.00090,0.08316,0.05243,-0.04057
OKE,-0.00024,0.00033,0.09400,0.04356,0.03475
OMC,-0.00092,0.00032,0.01948,-0.08852,0.04053
ON,-0.00235,0.00055,-0.01770,-0.01964,-0.02371
OPK,0.00145,0.00134,-0.01403,-0.03210,0.12396
ORCL,-0.00101,0.00021,-0.03413,-0.03588,0.10230
ORI,0.00187,0.00048,-0.07534,-0.14994,0.07787
ORLY,0.00190,0.00024,-0.14544,0.01765,-0.12921
OSK,-0.00152,0.00056,-0.00399,-0.11056,0.02970
OUT,NaN,NaN,NaN,NaN,NaN
OXY,-0.00041,0.00033,0.04396,-0.15090,-0.06814
P,NaN,NaN,NaN,NaN,NaN
PACW,-0.00061,0.00049,-0.02007,-0.01244,0.10449
PAG,-0.00182,0.00078,-0.01919,-0.02324,-0.31491
PAH,NaN,NaN,NaN,NaN,NaN
PANW,NaN,NaN,NaN,NaN,NaN
PAY,0.00139,0.00096,0.02309,-0.17366,0.00538
PAYX,-0.00113,0.00016,0.00341,0.09682,-0.13919
PBCT,-0.00149,0.00015,-0.19343,-0.05538,-0.00569
PBF,NaN,NaN,NaN,NaN,NaN
PBI,0.00012,0.00025,-0.12267,0.00322,-0.14996
PBYI,NaN,NaN,NaN,NaN,NaN
PCAR,0.00094,0.00050,-0.00481,-0.00620,0.07210
PCG,-0.00046,0.00012,-0.09321,0.06990,0.05406
PCL,NaN,NaN,NaN,NaN,NaN
PCLN,-0.00127,0.00081,-0.13560,0.05865,0.12152
PCP,NaN,NaN,NaN,NaN,NaN
PDCO,0.00011,0.00022,-0.06041,-0.06949,-0.00334
PDM,0.00205,0.00034,0.07724,-0.00930,0.08061
PEG,-0.00035,0.00017,0.18145,-0.07670,-0.06907
PEP,0.00021,0.00011,-0.05604,-0.03801,0.11819
PF,NaN,NaN,NaN,NaN,NaN
PFE,-0.00205,0.00019,0.06741,-0.10354,0.07452
PFG,-0.00028,0.00069,-0.11763,-0.06579,0.02649
PG,-0.00005,0.00008,-0.24568,0.07289,0.16462
PGR,0.00048,0.00027,-0.20061,-0.08557,-0.08819
PGRE,NaN,NaN,NaN,NaN,NaN
PH,0.00041,0.00048,-0.08141,0.03326,0.04337
PHM,-0.00124,0.00075,0.04166,-0.04418,-0.17228
PII,0.00198,0.00050,0.01112,0.10548,-0.03612
PINC,NaN,NaN,NaN,NaN,NaN
PKG,-0.00011,0.00050,0.05700,-0.05326,0.00534
PKI,-0.00010,0.00037,-0.02192,0.04376,0.09625
PLD,-0.00018,0.00058,-0.00351,0.00688,-0.00938
PLL,NaN,NaN,NaN,NaN,NaN
PM,-0.00018,0.00020,0.03229,-0.00190,0.10936
PNC,0.00069,0.00050,-0.08226,-0.13404,-0.12212
PNR,-0.00013,0.00040,0.01231,-0.05525,-0.00161
PNRA,0.00124,0.00032,0.04209,-0.00010,-0.14330
PNW,0.00015,0.00016,-0.03679,-0.08781,0.17793
POM,NaN,NaN,NaN,NaN,NaN
PPC,-0.00208,0.00124,-0.01332,-0.04300,0.18898
PPG,0.00035,0.00031,-0.10351,-0.04044,0.01861
PPL,-0.00171,0.00025,-0.01494,-0.02999,-0.09871
PPS,0.00158,0.00052,0.01587,-0.15678,0.08395
PRA,0.00037,0.00018,-0.00989,-0.08651,0.08552
PRE,NaN,NaN,NaN,NaN,NaN
PRGO,0.00316,0.00058,0.02365,-0.03966,-0.08104
PRU,0.00059,0.00054,-0.09314,-0.09047,-0.03993
PSA,0.00105,0.00030,-0.12048,-0.08669,-0.02910
PSX,NaN,NaN,NaN,NaN,NaN
PTC,-0.00031,0.00041,-0.03295,-0.16031,0.05431
PTEN,-0.00134,0.00072,0.02937,0.02365,-0.10852
PVH,0.00134,0.00072,0.14296,0.12434,-0.11602
PWR,-0.00010,0.00040,0.10295,0.03015,-0.18492
PX,-0.00030,0.00018,0.02293,-0.05531,0.03513
PXD,0.00153,0.00073,0.02848,-0.01080,-0.10627
Q,NaN,NaN,NaN,NaN,NaN
QCOM,-0.00278,0.00047,0.05797,0.08175,-0.02926
QEP,-0.01466,0.00072,-0.43947,0.73421,NaN
QGEN,-0.00122,0.00024,-0.08844,-0.07652,0.01760
QRVO,NaN,NaN,NaN,NaN,NaN
QVCA,-0.00019,0.00063,-0.01958,0.06492,0.01675
R,0.00011,0.00055,0.03930,0.06636,0.04711
RAD,-0.00333,0.00094,0.07042,-0.04734,0.00187
RAI,0.00019,0.00015,-0.10508,-0.11520,0.01335
RAX,-0.00149,0.00094,0.00371,0.01464,0.01596
RBC,0.00077,0.00048,-0.02079,0.02414,-0.01623
RCL,-0.00025,0.00104,-0.02924,-0.04536,-0.01812
RCPT,NaN,NaN,NaN,NaN,NaN
RDC,-0.00044,0.00078,-0.00019,-0.03435,-0.08700
RE,-0.00143,0.00019,-0.10651,0.05377,0.07688
REG,0.00031,0.00047,-0.07044,-0.03106,-0.15707
REGN,-0.00075,0.00123,-0.07959,-0.02912,0.07125
RES,0.00225,0.00090,0.14399,-0.05754,0.01552
RF,0.00181,0.00093,-0.12225,-0.12930,-0.08421
RGA,-0.00039,0.00030,-0.01694,-0.03433,-0.04132
RGC,-0.00029,0.00047,0.02868,0.12276,-0.03625
RGLD,-0.00010,0.00046,-0.02352,-0.18300,0.03041
RHI,-0.00084,0.00047,0.06558,0.00836,-0.04385
RHT,-0.00030,0.00043,0.03601,-0.11481,-0.02480
RICE,NaN,NaN,NaN,NaN,NaN
RJF,0.00023,0.00037,0.00790,-0.06473,-0.01674
RKT,NaN,NaN,NaN,NaN,NaN
RL,-0.00056,0.00042,-0.07203,-0.00272,0.05041
RLGY,NaN,NaN,NaN,NaN,NaN
RMD,0.00116,0.00038,-0.03000,-0.10998,-0.00738
RNR,0.00052,0.00016,-0.07046,-0.02049,0.00401
ROK,0.00057,0.00054,-0.09926,-0.06465,-0.00436
ROL,0.00053,0.00028,-0.14119,0.07712,0.03264
ROP,0.00055,0.00028,-0.09165,-0.09407,-0.09122
ROST,0.00220,0.00028,-0.05288,0.18838,-0.13813
RPAI,NaN,NaN,NaN,NaN,NaN
RPM,-0.00106,0.00032,0.05001,0.05383,-0.01327
RRC,-0.00179,0.00075,0.09357,-0.07656,-0.05284
RRD,-0.00227,0.00038,-0.00322,-0.10514,0.10548
RS,-0.00148,0.00081,-0.09549,-0.10371,-0.10167
RSG,0.00045,0.00023,0.05675,0.00325,0.00629
RTN,-0.00052,0.00017,0.03956,0.00136,-0.06968
RYN,0.00066,0.00031,-0.08364,0.00273,0.00311
S,0.00120,0.00129,-0.09999,0.06246,-0.01703
SABR,NaN,NaN,NaN,NaN,NaN
SATS,-0.00043,0.00030,0.09190,-0.04392,0.02332
SAVE,NaN,NaN,NaN,NaN,NaN
SBAC,-0.00024,0.00034,0.02437,-0.03152,-0.07414
SBH,0.00087,0.00060,0.07794,0.00177,0.11667
SBNY,0.00139,0.00030,-0.17456,-0.01507,-0.12262
SBUX,0.00077,0.00039,-0.06594,0.16437,-0.09649
SC,NaN,NaN,NaN,NaN,NaN
SCCO,-0.00140,0.00092,0.00191,-0.07979,-0.11745
SCG,-0.00019,0.00016,-0.09033,-0.03958,0.06286
SCHW,-0.00259,0.00035,-0.26581,0.07461,-0.10291
SCI,-0.00078,0.00032,-0.04960,0.01745,0.01158
SCTY,NaN,NaN,NaN,NaN,NaN
SDRL,-0.00223,0.00092,-0.11160,0.11797,-0.06424
SE,0.00012,0.00032,0.03405,-0.07802,0.06042
SEE,-0.00072,0.00026,-0.13264,0.01303,-0.00315
SEIC,0.00122,0.00030,0.03237,0.03888,-0.09916
SERV,NaN,NaN,NaN,NaN,NaN
SFG,NaN,NaN,NaN,NaN,NaN
SFM,NaN,NaN,NaN,NaN,NaN
SGEN,0.00137,0.00097,-0.01310,-0.07332,-0.04736
SHLD,-0.00167,0.00075,0.15183,-0.06612,0.00048
SHW,0.00121,0.00023,0.07255,0.07032,-0.01338
SIAL,NaN,NaN,NaN,NaN,NaN
SIG,0.00036,0.00046,0.14085,-0.06821,-0.02833
SIRI,0.00377,0.00178,0.07754,-0.00579,0.05661
SIRO,NaN,NaN,NaN,NaN,NaN
SIVB,-0.00025,0.00053,-0.01598,-0.16394,0.02584
SIX,-0.00443,0.00040,-0.12086,-0.06847,-0.05830
SJM,-0.00014,0.00013,0.12428,0.17954,0.16801
SKT,0.00098,0.00041,-0.06583,-0.10916,-0.12722
SKX,0.00225,0.00088,-0.00036,-0.01249,-0.04994
SLB,-0.00122,0.00059,-0.03153,-0.00300,-0.08923
SLG,0.00125,0.00086,-0.01405,-0.12668,0.06134
SLGN,0.00008,0.00019,0.00103,0.04510,-0.08028
SLH,NaN,NaN,NaN,NaN,NaN
SLM,-0.00037,0.00106,-0.05010,0.00190,-0.04121
SM,0.00127,0.00082,0.07283,-0.15046,-0.05474
SMG,0.00132,0.00025,-0.05332,0.11775,-0.00997
SNA,-0.00006,0.00034,0.01884,-0.01674,-0.07398
SNDK,0.00327,0.00127,-0.03353,0.05061,-0.16447
SNH,-0.00014,0.00037,-0.03576,-0.15231,0.05419
SNI,-0.00008,0.00036,0.13496,0.11001,0.04967
SNPS,-0.00059,0.00016,-0.11294,0.14812,0.03369
SNV,0.00235,0.00185,-0.00658,-0.09646,0.05974
SO,0.00028,0.00008,-0.11027,0.00096,-0.03693
SON,0.00037,0.00031,0.09386,-0.00209,0.04218
SPB,0.00142,0.00057,0.35580,0.15470,0.04435
SPG,0.00058,0.00049,-0.11127,-0.12920,-0.08573
SPLK,NaN,NaN,NaN,NaN,NaN
SPLS,-0.00169,0.00035,-0.01684,0.08210,-0.21550
SPN,-0.00198,0.00088,0.02273,-0.00870,-0.05044
SPR,-0.00020,0.00088,0.19430,-0.14878,0.05680
SPW,NaN,NaN,NaN,NaN,NaN
SPWR,-0.00428,0.00176,0.03547,0.00106,0.02632
SRC,NaN,NaN,NaN,NaN,NaN
SRCL,0.00144,0.00017,0.11390,-0.01210,-0.08067
SRE,-0.00128,0.00018,0.01155,-0.05286,-0.08700
SSNC,0.00114,0.00049,0.31592,-0.42165,0.28892
STAY,NaN,NaN,NaN,NaN,NaN
STI,0.00128,0.00079,-0.01191,-0.12048,-0.04998
STJ,-0.00028,0.00023,0.06581,-0.11362,0.03706
STLD,-0.00223,0.00071,-0.11746,-0.07584,0.04732
STR,0.00099,0.00045,0.03367,-0.01136,-0.13364
STRZA,0.00457,0.00069,0.13063,-0.06429,0.13296
STT,-0.00212,0.00041,-0.16601,0.06991,-0.09035
STWD,-0.00084,0.00027,-0.19711,-0.05099,0.04331
STZ,-0.00014,0.00031,0.04357,-0.11666,0.20926
SUNE,NaN,NaN,NaN,NaN,NaN
SWI,NaN,NaN,NaN,NaN,NaN
SWK,-0.00010,0.00043,0.03955,-0.04001,-0.00014
SWKS,0.00127,0.00062,-0.02342,-0.10819,-0.04746
SWN,-0.00185,0.00066,-0.02959,0.02478,-0.16412
SYF,NaN,NaN,NaN,NaN,NaN
SYK,-0.00024,0.00019,0.00726,-0.03728,0.23040
SYMC,-0.00212,0.00031,-0.13818,-0.05819,-0.12687
SYY,0.00033,0.00014,0.06367,-0.18495,-0.03086
T,-0.00099,0.00011,-0.06826,-0.00375,0.04686
TAHO,NaN,NaN,NaN,NaN,NaN
TAP,-0.00040,0.00018,-0.04235,-0.16669,0.00965
TCB,0.00152,0.00054,0.09476,-0.09008,-0.14735
TCO,0.00095,0.00063,0.02602,-0.12290,0.02443
TDC,-0.00003,0.00031,0.00226,0.02669,0.04673
TDG,0.00031,0.00026,0.04654,-0.07252,-0.11005
TDS,-0.00089,0.00028,-0.05211,-0.04482,0.10428
TE,NaN,NaN,NaN,NaN,NaN
TECH,-0.00146,0.00012,0.24919,-0.03999,0.05029
TEG,NaN,NaN,NaN,NaN,NaN
TER,-0.00061,0.00100,-0.08805,0.10460,-0.14991
TERP,NaN,NaN,NaN,NaN,NaN
TEX,-0.00077,0.00119,0.05404,0.05095,-0.01881
TFSL,0.00047,0.00013,0.00179,-0.03449,0.25734
TFX,-0.00012,0.00028,-0.02650,0.07166,0.09205
TGI,0.00256,0.00069,0.04931,-0.05619,0.04591
TGT,0.00032,0.00019,-0.10638,0.06873,-0.11957
THC,-0.00123,0.00131,-0.07301,-0.07482,-0.06401
THG,-0.00010,0.00011,-0.21047,-0.07500,-0.07098
THO,-0.00189,0.00064,0.02616,-0.10806,0.07716
TIF,-0.00084,0.00047,0.07366,0.02290,-0.05917
TJX,0.00159,0.00025,-0.03302,0.05270,-0.19769
TK,0.00109,0.00084,0.09287,0.02066,0.10904
TKR,0.00078,0.00079,0.12958,-0.08749,-0.00148
TMK,0.00095,0.00038,-0.11519,-0.04400,-0.08775
TMO,0.00024,0.00026,-0.13853,-0.02770,0.08738
TMUS,0.00088,0.00085,-0.14005,0.09333,0.10728
TOL,-0.00098,0.00046,0.01638,0.03677,-0.13898
TPX,0.00202,0.00078,0.04777,0.07085,-0.06542
TRCO,NaN,NaN,NaN,NaN,NaN
TRGP,NaN,NaN,NaN,NaN,NaN
TRI,0.00103,0.00021,0.05644,-0.08904,-0.02492
TRIP,NaN,NaN,NaN,NaN,NaN
TRMB,0.00083,0.00040,0.00590,-0.01223,-0.09020
TRN,0.00024,0.00083,0.15282,-0.05729,0.06283
TROW,-0.00140,0.00041,-0.21709,-0.02810,-0.04095
TRV,0.00005,0.00016,-0.20379,-0.11468,-0.06076
TSCO,0.00136,0.00042,-0.11432,-0.06986,0.05470
TSLA,-0.04049,0.00289,NaN,NaN,NaN
TSN,0.00250,0.00035,0.01106,-0.02334,0.11588
TSO,-0.00207,0.00057,-0.05572,0.02727,-0.00362
TSS,-0.00154,0.00032,0.00418,0.00049,0.03382
TTC,0.00133,0.00048,0.12807,-0.01186,0.00391
TUP,-0.00120,0.00064,0.00714,0.03585,-0.10763
TW,NaN,NaN,NaN,NaN,NaN
TWC,NaN,NaN,NaN,NaN,NaN
TWO,-0.00064,0.00017,-0.14922,-0.00263,0.09581
TWTR,NaN,NaN,NaN,NaN,NaN
TWX,-0.00001,0.00026,0.01613,-0.02637,-0.03740
TXN,-0.00069,0.00033,-0.18250,0.09691,-0.03501
TXT,-0.00062,0.00117,-0.15293,0.05780,-0.01883
TYC,-0.00015,0.00022,0.13621,0.05506,-0.05704
UA,0.00182,0.00081,-0.00556,0.01670,0.08770
UAL,0.00470,0.00167,-0.02486,0.04108,0.02469
UDR,0.00177,0.00051,-0.01480,-0.16011,-0.03734
UFS,-0.00054,0.00141,-0.10246,-0.07845,0.00579
UGI,0.00044,0.00015,-0.07479,-0.13528,-0.12046
UHAL,0.00125,0.00106,0.15625,-0.02454,0.06016
UHS,0.00170,0.00053,0.08785,0.03419,0.03843
ULTA,0.00213,0.00105,0.00134,-0.04861,-0.01843
ULTI,0.00085,0.00040,0.12785,-0.06566,0.11602
UNH,-0.00081,0.00030,-0.09521,-0.03441,0.00671
UNM,0.00082,0.00043,0.01253,-0.08199,-0.10808
UNP,0.00073,0.00033,-0.09971,-0.04613,-0.04922
UPS,0.00024,0.00028,0.07277,0.09834,0.06322
URBN,0.00034,0.00054,-0.05413,0.13337,-0.12237
URI,-0.00026,0.00144,0.20189,0.05946,0.09978
USB,0.00000,0.00034,-0.14990,-0.08757,-0.09118
USG,-0.00063,0.00147,0.12371,0.08394,0.09005
USM,-0.00001,0.00029,-0.01414,0.05296,0.15156
UTHR,-0.00061,0.00039,0.00356,-0.07597,0.07281
UTX,-0.00066,0.00021,0.02466,-0.01004,0.08243
V,-0.00131,0.00041,0.01758,-0.02301,0.09430
VAL,0.00075,0.00026,0.00994,0.05901,-0.11058
VAR,0.00088,0.00027,0.03165,0.00763,0.16961
VC,NaN,NaN,NaN,NaN,NaN
VEEV,NaN,NaN,NaN,NaN,NaN
VFC,0.00002,0.00021,0.06662,-0.01602,-0.11557
VIA,0.00107,0.00027,0.05042,-0.06542,0.04485
VIAB,0.00040,0.00032,0.04239,-0.06446,0.07386
VLO,0.00005,0.00061,-0.02895,-0.11519,0.08097
VMC,-0.00117,0.00054,0.07397,0.01622,0.03556
VMI,-0.00033,0.00051,-0.03750,-0.00072,-0.03688
VMW,0.00339,0.00066,-0.01621,0.02828,0.04848
VNO,0.00072,0.00049,-0.05996,-0.09996,-0.07693
VNTV,NaN,NaN,NaN,NaN,NaN
VOYA,NaN,NaN,NaN,NaN,NaN
VR,-0.00061,0.00015,-0.03912,-0.00122,-0.01182
VRSK,0.00019,0.00020,0.04970,-0.18214,-0.01089
VRSN,0.00062,0.00026,-0.05688,0.03498,-0.05035
VRTX,-0.00235,0.00037,0.07665,0.12714,0.19373
VSTO,NaN,NaN,NaN,NaN,NaN
VTR,0.00103,0.00037,-0.09491,-0.12552,-0.00438
VVC,-0.00023,0.00016,0.15226,-0.09458,0.08119
VWR,NaN,NaN,NaN,NaN,NaN
VZ,-0.00106,0.00011,-0.09588,-0.06318,0.00156
WAB,-0.00020,0.00039,0.12083,-0.00802,-0.20810
WAT,0.00040,0.00031,-0.05222,-0.11125,0.10145
WBA,-0.00253,0.00028,-0.05894,0.02670,-0.14194
WBC,0.00194,0.00074,0.00883,0.02284,-0.12762
WCC,0.00175,0.00060,0.10106,0.02653,-0.03545
WCN,0.00030,0.00013,0.08131,-0.11870,0.08182
WDAY,NaN,NaN,NaN,NaN,NaN
WDC,-0.00265,0.00081,-0.12807,-0.09632,-0.08092
WDR,-0.00244,0.00053,-0.07025,0.09333,0.02640
WEC,0.00023,0.00013,0.09586,-0.07025,0.03990
WEN,-0.00088,0.00052,0.10255,-0.07451,0.18596
WEX,-0.00078,0.00039,0.08423,-0.09529,0.12466
WFC,-0.00040,0.00046,-0.22110,-0.17375,-0.14197
WFM,0.00224,0.00057,0.04402,-0.04514,0.02925
WFT,-0.00251,0.00075,0.00925,-0.07440,-0.05746
WHR,0.00079,0.00079,-0.07753,-0.00858,0.01322
WLK,-0.00219,0.00103,-0.02293,0.04312,0.05577
WLL,0.00059,0.00059,0.08475,-0.07436,-0.06897
WM,-0.00038,0.00015,-0.05072,-0.00470,0.11724
WMB,-0.00115,0.00055,0.10483,-0.07381,0.01000
WMT,-0.00079,0.00009,-0.05724,-0.07293,0.20412
WOOF,0.00001,0.00020,0.20729,0.09191,-0.00448
WPC,0.00020,0.00021,0.01243,0.09337,0.20856
WPG,NaN,NaN,NaN,NaN,NaN
WPX,NaN,NaN,NaN,NaN,NaN
WR,0.00014,0.00017,0.14376,-0.05385,0.10809
WRB,0.00066,0.00014,-0.13713,0.04603,-0.06350
WRI,0.00026,0.00055,-0.04212,-0.09435,-0.08137
WSM,0.00160,0.00083,-0.05937,0.11490,-0.14984
WSO,0.00163,0.00046,0.03448,-0.06426,-0.01706
WTM,-0.00010,0.00024,-0.20950,-0.11571,0.03987
WTR,0.00020,0.00014,0.03062,-0.07868,0.14545
WU,-0.00168,0.00038,-0.07599,-0.08956,-0.09205
WWAV,NaN,NaN,NaN,NaN,NaN
WY,-0.00162,0.00044,-0.00318,0.01420,-0.03200
WYN,0.00045,0.00071,0.05906,-0.05739,-0.07917
WYNN,0.00189,0.00094,-0.09885,-0.04945,-0.05273
X,-0.00269,0.00132,-0.05666,-0.13559,0.05316
XEC,0.00226,0.00062,0.05750,-0.10977,-0.06288
XEL,0.00007,0.00011,0.02118,-0.02083,0.04012
XL,-0.00088,0.00053,-0.08217,0.01916,-0.09469
XLNX,0.00036,0.00041,-0.22041,0.06545,-0.16435
XOM,-0.00143,0.00015,-0.06294,-0.11465,0.06069
XON,NaN,NaN,NaN,NaN,NaN
XRAY,-0.00134,0.00022,0.02858,0.05514,0.18407
XRX,-0.00030,0.00053,-0.00340,-0.05306,-0.07798
XYL,NaN,NaN,NaN,NaN,NaN
Y,0.00084,0.00017,-0.24881,-0.08048,0.05825
YELP,NaN,NaN,NaN,NaN,NaN
YHOO,-0.00138,0.00037,-0.11983,0.05921,-0.05062
YUM,0.00108,0.00025,0.07454,0.10552,-0.09129
Z,NaN,NaN,NaN,NaN,NaN
ZAYO,NaN,NaN,NaN,NaN,NaN
ZBRA,-0.00104,0.00028,0.10340,-0.06358,0.13184
ZION,0.00456,0.00122,0.13621,-0.03737,-0.11476
ZMH,NaN,NaN,NaN,NaN,NaN
ZNGA,NaN,NaN,NaN,NaN,NaN
ZTS,NaN,NaN,NaN,NaN,NaN
